INSERT INTO "INGREDIENTS" (id, version, name, description, ingredient_type) VALUES
(1, 1, 'Salt', 'Common table salt used for seasoning', 'NATURAL'),
(2, 1, 'High Fructose Corn Syrup', 'Sweetening agent used in processed foods', 'INDUSTRIALIZED'),
(3, 1, 'Olive Oil', 'Cold-pressed extra virgin olive oil', 'MINIMALLY'),
(4, 1, 'Broccoli', 'Fresh green broccoli', 'NATURAL'),
(5, 1, 'Monosodium Glutamate (MSG)', 'Flavor enhancer commonly used in Asian cuisine', 'COSMETIC'),
(6, 1, 'Cane Sugar', 'Natural sweetener derived from sugarcane', 'INDUSTRIALIZED'),
(7, 1, 'Quinoa', 'Whole grain rich in protein and nutrients', 'MINIMALLY'),
(8, 1, 'Chicken Breast', 'Lean and protein-rich chicken breast', 'NATURAL'),
(9, 1, 'Tomato', 'Fresh and ripe tomato', 'NATURAL'),
(10, 1, 'Garlic', 'Pungent garlic cloves for flavoring', 'NATURAL'),
(11, 1, 'Soy Sauce', 'Traditional soy sauce for seasoning', 'INDUSTRIALIZED'),
(12, 1, 'Honey', 'Natural sweetener produced by bees', 'NATURAL'),
(13, 1, 'Whole Wheat Flour', 'Flour made from whole wheat grains', 'MINIMALLY'),
(14, 1, 'Salmon', 'Fresh and wild-caught salmon fillet', 'NATURAL'),
(15, 1, 'Brown Rice', 'Nutrient-rich brown rice', 'MINIMALLY'),
(16, 1, 'Black Pepper', 'Ground black pepper for seasoning', 'NATURAL'),
(17, 1, 'Hydrolyzed Soy Protein', 'Processed protein for texture enhancement', 'COSMETIC'),
(18, 1, 'Maltodextrin', 'Highly processed carbohydrate as a thickening agent', 'COSMETIC'),
(19, 1, 'Disodium Inosinate', 'Flavor enhancer for processed foods', 'COSMETIC'),
(20, 1, 'Modified Starch', 'Chemically altered starch for improved texture', 'COSMETIC'),
(21, 1, 'Cellulose Gum', 'Processed thickener and stabilizer', 'COSMETIC'),
(22, 1, 'Sodium Benzoate', 'Preservative to extend shelf life', 'COSMETIC'),
(23, 1, 'Polyglycerol Polyricinoleate', 'Emulsifier for improved texture in chocolates', 'COSMETIC'),
(24, 1, 'Sodium Aluminum Phosphate', 'Leavening agent in baked goods', 'COSMETIC'),
(25, 1, 'Artificial Colors', 'Synthetic colors for visual appeal', 'COSMETIC'),
(26, 1, 'Propylene Glycol', 'Humectant to retain moisture in processed foods', 'COSMETIC');

INSERT INTO "FOOD_PRODUCTS" (id, version, name, description, score) VALUES
(1, 1, 'Frozen Pizza', 'Classic Margherita pizza ready to bake at home', 'ULTRA_PROCESSED'),
(2, 1, 'Chicken Alfredo Pasta', 'Creamy Alfredo pasta with grilled chicken', 'PROCESSED_CULINARY_INGREDIENTS'),
(3, 1, 'Vegetarian Spring Rolls', 'Crispy spring rolls with assorted vegetables', 'PROCESSED'),
(4, 1, 'Beef Stir-Fry', 'Savory beef stir-fry with colorful vegetables', 'PROCESSED_CULINARY_INGREDIENTS'),
(5, 1, 'Chicken Caesar Salad', 'Fresh salad with grilled chicken and Caesar dressing', 'PROCESSED_CULINARY_INGREDIENTS'),
(6, 1, 'Vegetable Lasagna', 'Layers of pasta, vegetables, and cheese in tomato sauce', 'PROCESSED'),
(7, 1, 'Shrimp Fried Rice', 'Flavorful fried rice with succulent shrimp', 'PROCESSED'),
(8, 1, 'Mushroom Risotto', 'Creamy risotto with sautéed mushrooms', 'PROCESSED_CULINARY_INGREDIENTS'),
(9, 1, 'Chocolate Chip Cookies', 'Soft and chewy cookies with chocolate chips', 'ULTRA_PROCESSED'),
(10, 1, 'Chicken Quesadillas', 'Grilled tortillas filled with seasoned chicken and cheese', 'ULTRA_PROCESSED'),
(11, 1, 'Tomato Basil Soup', 'Comforting soup with ripe tomatoes and fresh basil', 'PROCESSED_CULINARY_INGREDIENTS'),
(12, 1, 'Vegetable Curry', 'Spicy curry with a mix of colorful vegetables', 'PROCESSED_CULINARY_INGREDIENTS'),
(13, 1, 'Cheeseburger Sliders', 'Mini burgers with melted cheese and condiments', 'ULTRA_PROCESSED'),
(14, 1, 'Spinach and Feta Stuffed Chicken', 'Chicken breasts stuffed with spinach and feta', 'PROCESSED_CULINARY_INGREDIENTS'),
(15, 1, 'Pesto Pasta Salad', 'Pasta salad tossed in basil pesto with cherry tomatoes', 'PROCESSED_CULINARY_INGREDIENTS');

INSERT INTO "FOOD_PRODUCTS_INGREDIENTS" (food_product_id, ingredient_id) VALUES
(1, 3),
(1, 4),
(1, 6),
(1, 9),
(2, 24),
(3, 25),
(4, 17),
(4, 19),
(5, 6),
(6, 9),
(6, 17),
(6, 18),
(7, 1),
(7, 2),
(7, 3),
(7, 5),
(8, 10),
(8, 15),
(8, 18),
(9, 12),
(9, 23),
(10, 7),
(10, 9),
(10, 12),
(10, 16),
(10, 22),
(11, 4),
(11, 15),
(11, 17),
(12, 2),
(12, 5),
(12, 8),
(12, 14),
(12, 23),
(13, 3),
(13, 9),
(13, 10),
(14, 11),
(14, 13),
(14, 14),
(14, 20),
(14, 26),
(15, 1),
(15, 9),
(15, 11),
(15, 13),
(15, 21);
